timestamp,worker,reqid,qname,qtype,respid,rcode,respflags,err,duration
2025/05/21 00:45:35,0,5674,googleusercontent.com.,A,5674,NOERROR,qr rd ra,<nil>,1.217050532s
2025/05/21 00:45:35,0,34540,facebook.com.,A,34540,NOERROR,qr rd ra,<nil>,105.260935ms
2025/05/21 00:45:35,0,16024,instagram.com.,A,16024,NOERROR,qr rd ra,<nil>,375.09921ms
2025/05/21 00:45:35,0,35411,wikipedia.org.,A,35411,NOERROR,qr rd ra,<nil>,80.440326ms
2025/05/21 00:45:36,0,21642,x.com.,A,21642,NOERROR,qr rd ra,<nil>,79.486236ms
2025/05/21 00:45:36,0,62247,amazon.com.,A,62247,NOERROR,qr rd ra,<nil>,365.193699ms
2025/05/21 00:45:36,0,30780,tiktok.com.,A,30780,NOERROR,qr rd ra,<nil>,83.010583ms
2025/05/21 00:45:36,0,19863,whatsapp.com.,A,19863,NOERROR,qr rd ra,<nil>,96.771201ms
2025/05/21 00:45:37,0,61994,yahoo.com.,A,61994,NOERROR,qr rd ra,<nil>,851.744931ms
2025/05/21 00:45:37,0,36624,google.com.,A,36624,NOERROR,qr rd ra,<nil>,90.648941ms
2025/05/21 00:45:37,0,45911,googleusercontent.com.,A,45911,NOERROR,qr rd ra,<nil>,320.743026ms
2025/05/21 00:45:37,0,51110,facebook.com.,A,51110,NOERROR,qr rd ra,<nil>,79.782122ms
2025/05/21 00:45:38,0,3606,instagram.com.,A,3606,NOERROR,qr rd ra,<nil>,82.460775ms
2025/05/21 00:45:38,0,48117,wikipedia.org.,A,48117,NOERROR,qr rd ra,<nil>,88.288951ms
2025/05/21 00:45:38,0,39580,x.com.,A,39580,NOERROR,qr rd ra,<nil>,84.928064ms
2025/05/21 00:45:38,0,36261,amazon.com.,A,36261,NOERROR,qr rd ra,<nil>,92.819613ms
2025/05/21 00:45:38,0,33646,tiktok.com.,A,33646,NOERROR,qr rd ra,<nil>,321.421646ms
2025/05/21 00:45:38,0,14584,whatsapp.com.,A,14584,NOERROR,qr rd ra,<nil>,98.543283ms
2025/05/21 00:45:38,0,65352,yahoo.com.,A,65352,NOERROR,qr rd ra,<nil>,94.096131ms
2025/05/21 00:45:38,0,13184,google.com.,A,13184,NOERROR,qr rd ra,<nil>,99.102978ms
2025/05/21 00:45:39,0,51808,googleusercontent.com.,A,51808,NOERROR,qr rd ra,<nil>,322.797284ms
2025/05/21 00:45:39,0,53723,facebook.com.,A,53723,NOERROR,qr rd ra,<nil>,102.89958ms
2025/05/21 00:45:39,0,52528,instagram.com.,A,52528,NOERROR,qr rd ra,<nil>,318.459895ms
2025/05/21 00:45:39,0,30701,wikipedia.org.,A,30701,NOERROR,qr rd ra,<nil>,103.060804ms
2025/05/21 00:45:39,0,30378,x.com.,A,30378,NOERROR,qr rd ra,<nil>,100.172165ms
2025/05/21 00:45:39,0,47497,amazon.com.,A,47497,NOERROR,qr rd ra,<nil>,88.826374ms
2025/05/21 00:45:40,0,49049,tiktok.com.,A,49049,NOERROR,qr rd ra,<nil>,90.779274ms
2025/05/21 00:45:40,0,49218,whatsapp.com.,A,49218,NOERROR,qr rd ra,<nil>,88.644267ms
2025/05/21 00:45:40,0,20766,yahoo.com.,A,20766,NOERROR,qr rd ra,<nil>,88.79984ms
2025/05/21 00:45:40,0,52279,google.com.,A,52279,NOERROR,qr rd ra,<nil>,84.85997ms
2025/05/21 00:45:40,0,26894,googleusercontent.com.,A,26894,NOERROR,qr rd ra,<nil>,90.517992ms
2025/05/21 00:45:40,0,6115,facebook.com.,A,6115,NOERROR,qr rd ra,<nil>,292.297304ms
2025/05/21 00:45:40,0,10347,instagram.com.,A,10347,NOERROR,qr rd ra,<nil>,79.257028ms
2025/05/21 00:45:41,0,36205,wikipedia.org.,A,36205,NOERROR,qr rd ra,<nil>,293.752829ms
2025/05/21 00:45:41,0,54149,x.com.,A,54149,NOERROR,qr rd ra,<nil>,83.592347ms
2025/05/21 00:45:41,0,339,amazon.com.,A,339,NOERROR,qr rd ra,<nil>,90.890459ms
2025/05/21 00:45:41,0,2929,tiktok.com.,A,2929,NOERROR,qr rd ra,<nil>,96.013886ms
2025/05/21 00:45:41,0,40616,whatsapp.com.,A,40616,NOERROR,qr rd ra,<nil>,85.884701ms
2025/05/21 00:45:41,0,50014,yahoo.com.,A,50014,NOERROR,qr rd ra,<nil>,84.14755ms
2025/05/21 00:45:41,0,50026,google.com.,A,50026,NOERROR,qr rd ra,<nil>,85.6723ms
2025/05/21 00:45:41,0,41179,googleusercontent.com.,A,41179,NOERROR,qr rd ra,<nil>,100.494177ms
2025/05/21 00:45:41,0,21058,facebook.com.,A,21058,NOERROR,qr rd ra,<nil>,285.504536ms
2025/05/21 00:45:42,0,15860,instagram.com.,A,15860,NOERROR,qr rd ra,<nil>,80.161665ms
2025/05/21 00:45:42,0,10407,wikipedia.org.,A,10407,NOERROR,qr rd ra,<nil>,78.768623ms
2025/05/21 00:45:42,0,17718,x.com.,A,17718,NOERROR,qr rd ra,<nil>,292.409483ms
2025/05/21 00:45:42,0,44792,amazon.com.,A,44792,NOERROR,qr rd ra,<nil>,82.214185ms
2025/05/21 00:45:42,0,62652,tiktok.com.,A,62652,NOERROR,qr rd ra,<nil>,84.9619ms
2025/05/21 00:45:42,0,26858,whatsapp.com.,A,26858,NOERROR,qr rd ra,<nil>,84.02033ms
2025/05/21 00:45:42,0,22882,yahoo.com.,A,22882,NOERROR,qr rd ra,<nil>,284.537019ms
2025/05/21 00:45:43,0,33919,google.com.,A,33919,NOERROR,qr rd ra,<nil>,82.473812ms
2025/05/21 00:45:43,0,29050,googleusercontent.com.,A,29050,NOERROR,qr rd ra,<nil>,84.622952ms
2025/05/21 00:45:43,0,8745,facebook.com.,A,8745,NOERROR,qr rd ra,<nil>,78.939922ms
2025/05/21 00:45:43,0,4672,instagram.com.,A,4672,NOERROR,qr rd ra,<nil>,79.590911ms
2025/05/21 00:45:43,0,9529,wikipedia.org.,A,9529,NOERROR,qr rd ra,<nil>,287.060069ms
2025/05/21 00:45:43,0,3367,x.com.,A,3367,NOERROR,qr rd ra,<nil>,85.778613ms
2025/05/21 00:45:43,0,65280,amazon.com.,A,65280,NOERROR,qr rd ra,<nil>,87.646429ms
2025/05/21 00:45:43,0,960,tiktok.com.,A,960,NOERROR,qr rd ra,<nil>,80.142055ms
2025/05/21 00:45:43,0,24411,whatsapp.com.,A,24411,NOERROR,qr rd ra,<nil>,80.134079ms
2025/05/21 00:45:44,0,271,yahoo.com.,A,271,NOERROR,qr rd ra,<nil>,85.030579ms
2025/05/21 00:45:44,0,5439,google.com.,A,5439,NOERROR,qr rd ra,<nil>,90.174743ms
2025/05/21 00:45:44,0,49938,googleusercontent.com.,A,49938,NOERROR,qr rd ra,<nil>,301.064539ms
2025/05/21 00:45:44,0,11245,facebook.com.,A,11245,NOERROR,qr rd ra,<nil>,89.921344ms
2025/05/21 00:45:44,0,45074,instagram.com.,A,45074,NOERROR,qr rd ra,<nil>,82.569956ms
2025/05/21 00:45:44,0,3352,wikipedia.org.,A,3352,NOERROR,qr rd ra,<nil>,287.733481ms
2025/05/21 00:45:44,0,32469,x.com.,A,32469,NOERROR,qr rd ra,<nil>,89.839307ms
2025/05/21 00:45:45,0,22993,amazon.com.,A,22993,NOERROR,qr rd ra,<nil>,80.730385ms
2025/05/21 00:45:45,0,29881,tiktok.com.,A,29881,NOERROR,qr rd ra,<nil>,79.028517ms
2025/05/21 00:45:45,0,28840,whatsapp.com.,A,28840,NOERROR,qr rd ra,<nil>,709.218686ms
2025/05/21 00:45:48,0,634,yahoo.com.,A,634,NOERROR,qr rd ra,<nil>,2.612103442s
2025/05/21 00:45:48,0,58070,google.com.,A,58070,NOERROR,qr rd ra,<nil>,94.948517ms
2025/05/21 00:45:48,0,50604,googleusercontent.com.,A,50604,NOERROR,qr rd ra,<nil>,87.590243ms
2025/05/21 00:45:48,0,35409,facebook.com.,A,35409,NOERROR,qr rd ra,<nil>,91.122315ms
2025/05/21 00:45:48,0,6664,instagram.com.,A,6664,NOERROR,qr rd ra,<nil>,181.895948ms
2025/05/21 00:45:48,0,59905,wikipedia.org.,A,59905,NOERROR,qr rd ra,<nil>,95.230431ms
2025/05/21 00:45:49,0,27083,x.com.,A,27083,NOERROR,qr rd ra,<nil>,83.264757ms
2025/05/21 00:45:49,0,39502,amazon.com.,A,39502,NOERROR,qr rd ra,<nil>,84.225449ms
2025/05/21 00:45:49,0,33167,tiktok.com.,A,33167,NOERROR,qr rd ra,<nil>,292.561164ms
2025/05/21 00:45:49,0,11863,whatsapp.com.,A,11863,NOERROR,qr rd ra,<nil>,500.175409ms
2025/05/21 00:45:50,0,19080,yahoo.com.,A,19080,NOERROR,qr rd ra,<nil>,80.509369ms
2025/05/21 00:45:50,0,12187,google.com.,A,12187,NOERROR,qr rd ra,<nil>,78.282163ms
2025/05/21 00:45:50,0,60804,googleusercontent.com.,A,60804,NOERROR,qr rd ra,<nil>,82.964992ms
2025/05/21 00:45:50,0,2613,facebook.com.,A,2613,NOERROR,qr rd ra,<nil>,106.078382ms
2025/05/21 00:45:50,0,11233,instagram.com.,A,11233,NOERROR,qr rd ra,<nil>,78.378529ms
2025/05/21 00:45:50,0,18940,wikipedia.org.,A,18940,NOERROR,qr rd ra,<nil>,311.527664ms
2025/05/21 00:45:50,0,30494,x.com.,A,30494,NOERROR,qr rd ra,<nil>,87.508688ms
2025/05/21 00:45:50,0,27037,amazon.com.,A,27037,NOERROR,qr rd ra,<nil>,79.498099ms
2025/05/21 00:45:50,0,3595,tiktok.com.,A,3595,NOERROR,qr rd ra,<nil>,79.157029ms
2025/05/21 00:45:51,0,6598,whatsapp.com.,A,6598,NOERROR,qr rd ra,<nil>,79.552669ms
2025/05/21 00:45:51,0,23433,yahoo.com.,A,23433,NOERROR,qr rd ra,<nil>,86.124269ms
2025/05/21 00:45:51,0,21624,google.com.,A,21624,NOERROR,qr rd ra,<nil>,92.278029ms
2025/05/21 00:45:51,0,34121,googleusercontent.com.,A,34121,NOERROR,qr rd ra,<nil>,83.095292ms
2025/05/21 00:45:51,0,47532,facebook.com.,A,47532,NOERROR,qr rd ra,<nil>,96.018083ms
2025/05/21 00:45:51,0,46084,instagram.com.,A,46084,NOERROR,qr rd ra,<nil>,96.790422ms
2025/05/21 00:45:51,0,3076,wikipedia.org.,A,3076,NOERROR,qr rd ra,<nil>,93.332762ms
2025/05/21 00:45:51,0,1898,x.com.,A,1898,NOERROR,qr rd ra,<nil>,305.840384ms
2025/05/21 00:45:51,0,28463,amazon.com.,A,28463,NOERROR,qr rd ra,<nil>,100.455795ms
2025/05/21 00:45:52,0,1566,tiktok.com.,A,1566,NOERROR,qr rd ra,<nil>,98.795827ms
2025/05/21 00:45:52,0,57594,whatsapp.com.,A,57594,NOERROR,qr rd ra,<nil>,308.949756ms
2025/05/21 00:45:52,0,22999,yahoo.com.,A,22999,NOERROR,qr rd ra,<nil>,103.782251ms
2025/05/21 00:45:52,0,27616,google.com.,A,27616,NOERROR,qr rd ra,<nil>,100.3576ms
2025/05/21 00:45:52,0,13651,googleusercontent.com.,A,13651,NOERROR,qr rd ra,<nil>,94.389314ms
2025/05/21 00:45:52,0,10101,facebook.com.,A,10101,NOERROR,qr rd ra,<nil>,95.579835ms
2025/05/21 00:45:52,0,40804,instagram.com.,A,40804,NOERROR,qr rd ra,<nil>,88.770329ms
2025/05/21 00:45:52,0,17250,wikipedia.org.,A,17250,NOERROR,qr rd ra,<nil>,89.981142ms
2025/05/21 00:45:53,0,5410,x.com.,A,5410,NOERROR,qr rd ra,<nil>,85.449334ms
2025/05/21 00:45:53,0,37393,amazon.com.,A,37393,NOERROR,qr rd ra,<nil>,79.523743ms
2025/05/21 00:45:53,0,21479,tiktok.com.,A,21479,NOERROR,qr rd ra,<nil>,290.058843ms
2025/05/21 00:45:53,0,2480,whatsapp.com.,A,2480,NOERROR,qr rd ra,<nil>,514.910485ms
2025/05/21 00:45:53,0,22560,yahoo.com.,A,22560,NOERROR,qr rd ra,<nil>,77.872931ms
2025/05/21 00:45:54,0,132,google.com.,A,132,NOERROR,qr rd ra,<nil>,79.615832ms
2025/05/21 00:45:54,0,32855,googleusercontent.com.,A,32855,NOERROR,qr rd ra,<nil>,81.531776ms
2025/05/21 00:45:54,0,25336,facebook.com.,A,25336,NOERROR,qr rd ra,<nil>,128.883975ms
2025/05/21 00:45:54,0,29533,instagram.com.,A,29533,NOERROR,qr rd ra,<nil>,92.707316ms
2025/05/21 00:45:54,0,14817,wikipedia.org.,A,14817,NOERROR,qr rd ra,<nil>,293.554505ms
2025/05/21 00:45:54,0,51898,x.com.,A,51898,NOERROR,qr rd ra,<nil>,87.614846ms
2025/05/21 00:45:54,0,36081,amazon.com.,A,36081,NOERROR,qr rd ra,<nil>,86.575446ms
2025/05/21 00:45:54,0,18327,tiktok.com.,A,18327,NOERROR,qr rd ra,<nil>,79.243309ms
2025/05/21 00:45:55,0,54831,whatsapp.com.,A,54831,NOERROR,qr rd ra,<nil>,79.910809ms
2025/05/21 00:45:55,0,32600,yahoo.com.,A,32600,NOERROR,qr rd ra,<nil>,291.948476ms
2025/05/21 00:45:55,0,37782,google.com.,A,37782,NOERROR,qr rd ra,<nil>,500.206205ms
2025/05/21 00:45:55,0,36398,googleusercontent.com.,A,36398,NOERROR,qr rd ra,<nil>,80.139424ms
2025/05/21 00:45:56,0,52176,facebook.com.,A,52176,NOERROR,qr rd ra,<nil>,720.708512ms
2025/05/21 00:45:56,0,52992,instagram.com.,A,52992,NOERROR,qr rd ra,<nil>,78.880322ms
2025/05/21 00:45:56,0,60489,wikipedia.org.,A,60489,NOERROR,qr rd ra,<nil>,85.812069ms
2025/05/21 00:45:56,0,3319,x.com.,A,3319,NOERROR,qr rd ra,<nil>,86.314194ms
2025/05/21 00:45:56,0,61727,amazon.com.,A,61727,NOERROR,qr rd ra,<nil>,80.181374ms
2025/05/21 00:45:57,0,15483,tiktok.com.,A,15483,NOERROR,qr rd ra,<nil>,85.509909ms
2025/05/21 00:45:57,0,41724,whatsapp.com.,A,41724,NOERROR,qr rd ra,<nil>,81.029456ms
2025/05/21 00:45:57,0,35772,yahoo.com.,A,35772,NOERROR,qr rd ra,<nil>,79.174522ms
2025/05/21 00:45:57,0,13417,google.com.,A,13417,NOERROR,qr rd ra,<nil>,78.716338ms
2025/05/21 00:45:57,0,37889,googleusercontent.com.,A,37889,NOERROR,qr rd ra,<nil>,79.681838ms
2025/05/21 00:45:57,0,31615,facebook.com.,A,31615,NOERROR,qr rd ra,<nil>,81.106558ms
2025/05/21 00:45:57,0,5084,instagram.com.,A,5084,NOERROR,qr rd ra,<nil>,303.822412ms
2025/05/21 00:45:57,0,48783,wikipedia.org.,A,48783,NOERROR,qr rd ra,<nil>,87.766048ms
2025/05/21 00:45:57,0,48678,x.com.,A,48678,NOERROR,qr rd ra,<nil>,82.058331ms
2025/05/21 00:45:57,0,1126,amazon.com.,A,1126,NOERROR,qr rd ra,<nil>,79.304876ms
2025/05/21 00:45:58,0,61836,tiktok.com.,A,61836,NOERROR,qr rd ra,<nil>,82.193264ms
2025/05/21 00:45:58,0,59858,whatsapp.com.,A,59858,NOERROR,qr rd ra,<nil>,286.533268ms
2025/05/21 00:45:58,0,1457,yahoo.com.,A,1457,NOERROR,qr rd ra,<nil>,80.192133ms
2025/05/21 00:45:58,0,11021,google.com.,A,11021,NOERROR,qr rd ra,<nil>,82.510648ms
2025/05/21 00:45:58,0,29031,googleusercontent.com.,A,29031,NOERROR,qr rd ra,<nil>,81.493392ms
2025/05/21 00:45:58,0,39283,facebook.com.,A,39283,NOERROR,qr rd ra,<nil>,285.343363ms
2025/05/21 00:45:58,0,18256,instagram.com.,A,18256,NOERROR,qr rd ra,<nil>,79.251289ms
2025/05/21 00:45:59,0,61572,wikipedia.org.,A,61572,NOERROR,qr rd ra,<nil>,78.909095ms
2025/05/21 00:45:59,0,32996,x.com.,A,32996,NOERROR,qr rd ra,<nil>,81.355245ms
2025/05/21 00:45:59,0,29543,amazon.com.,A,29543,NOERROR,qr rd ra,<nil>,305.598265ms
2025/05/21 00:46:00,0,32110,tiktok.com.,A,32110,NOERROR,qr rd ra,<nil>,1.342789749s
2025/05/21 00:46:00,0,3016,whatsapp.com.,A,3016,NOERROR,qr rd ra,<nil>,80.483193ms
2025/05/21 00:46:00,0,19655,yahoo.com.,A,19655,NOERROR,qr rd ra,<nil>,84.217234ms
2025/05/21 00:46:01,0,51933,google.com.,A,51933,NOERROR,qr rd ra,<nil>,79.585702ms
2025/05/21 00:46:01,0,62434,googleusercontent.com.,A,62434,NOERROR,qr rd ra,<nil>,84.027077ms
2025/05/21 00:46:01,0,51678,facebook.com.,A,51678,NOERROR,qr rd ra,<nil>,81.522282ms
2025/05/21 00:46:01,0,47272,instagram.com.,A,47272,NOERROR,qr rd ra,<nil>,87.367801ms
2025/05/21 00:46:01,0,60170,wikipedia.org.,A,60170,NOERROR,qr rd ra,<nil>,86.16864ms
2025/05/21 00:46:01,0,23953,x.com.,A,23953,NOERROR,qr rd ra,<nil>,93.337642ms
2025/05/21 00:46:01,0,22470,amazon.com.,A,22470,NOERROR,qr rd ra,<nil>,95.002274ms
2025/05/21 00:46:01,0,8962,tiktok.com.,A,8962,NOERROR,qr rd ra,<nil>,302.875291ms
2025/05/21 00:46:01,0,22788,whatsapp.com.,A,22788,NOERROR,qr rd ra,<nil>,90.046628ms
2025/05/21 00:46:02,0,38324,yahoo.com.,A,38324,NOERROR,qr rd ra,<nil>,103.175084ms
2025/05/21 00:46:02,0,41645,google.com.,A,41645,NOERROR,qr rd ra,<nil>,90.361928ms
2025/05/21 00:46:02,0,26830,googleusercontent.com.,A,26830,NOERROR,qr rd ra,<nil>,104.093096ms
2025/05/21 00:46:02,0,43483,facebook.com.,A,43483,NOERROR,qr rd ra,<nil>,302.519968ms
2025/05/21 00:46:02,0,19583,instagram.com.,A,19583,NOERROR,qr rd ra,<nil>,89.514176ms
2025/05/21 00:46:02,0,38727,wikipedia.org.,A,38727,NOERROR,qr rd ra,<nil>,87.652473ms
2025/05/21 00:46:02,0,9172,x.com.,A,9172,NOERROR,qr rd ra,<nil>,285.939772ms
2025/05/21 00:46:03,0,59374,amazon.com.,A,59374,NOERROR,qr rd ra,<nil>,85.766277ms
2025/05/21 00:46:03,0,32649,tiktok.com.,A,32649,NOERROR,qr rd ra,<nil>,81.589448ms
2025/05/21 00:46:03,0,57131,whatsapp.com.,A,57131,NOERROR,qr rd ra,<nil>,81.243292ms
2025/05/21 00:46:03,0,40546,yahoo.com.,A,40546,NOERROR,qr rd ra,<nil>,79.929051ms
2025/05/21 00:46:03,0,58742,google.com.,A,58742,NOERROR,qr rd ra,<nil>,83.256435ms
2025/05/21 00:46:03,0,31222,googleusercontent.com.,A,31222,NOERROR,qr rd ra,<nil>,79.474602ms
2025/05/21 00:46:03,0,7118,facebook.com.,A,7118,NOERROR,qr rd ra,<nil>,287.226427ms
2025/05/21 00:46:05,0,43554,instagram.com.,A,43554,NOERROR,qr rd ra,<nil>,1.350875282s
2025/05/21 00:46:05,0,31930,wikipedia.org.,A,31930,NOERROR,qr rd ra,<nil>,84.424255ms
2025/05/21 00:46:05,0,19760,x.com.,A,19760,NOERROR,qr rd ra,<nil>,79.742904ms
2025/05/21 00:46:05,0,1026,amazon.com.,A,1026,NOERROR,qr rd ra,<nil>,84.60956ms
2025/05/21 00:46:05,0,24165,tiktok.com.,A,24165,NOERROR,qr rd ra,<nil>,82.26451ms
2025/05/21 00:46:05,0,51769,whatsapp.com.,A,51769,NOERROR,qr rd ra,<nil>,80.263593ms
2025/05/21 00:46:05,0,2883,yahoo.com.,A,2883,NOERROR,qr rd ra,<nil>,80.98942ms
2025/05/21 00:46:05,0,53903,google.com.,A,53903,NOERROR,qr rd ra,<nil>,80.823678ms
2025/05/21 00:46:05,0,61514,googleusercontent.com.,A,61514,NOERROR,qr rd ra,<nil>,80.365717ms
2025/05/21 00:46:06,0,16091,facebook.com.,A,16091,NOERROR,qr rd ra,<nil>,306.42677ms
2025/05/21 00:46:06,0,49379,instagram.com.,A,49379,NOERROR,qr rd ra,<nil>,91.635418ms
2025/05/21 00:46:06,0,53717,wikipedia.org.,A,53717,NOERROR,qr rd ra,<nil>,84.346205ms
2025/05/21 00:46:06,0,58954,x.com.,A,58954,NOERROR,qr rd ra,<nil>,89.35972ms
2025/05/21 00:46:06,0,29286,amazon.com.,A,29286,NOERROR,qr rd ra,<nil>,83.330299ms
2025/05/21 00:46:06,0,14713,tiktok.com.,A,14713,NOERROR,qr rd ra,<nil>,86.686338ms
2025/05/21 00:46:06,0,14571,whatsapp.com.,A,14571,NOERROR,qr rd ra,<nil>,84.676667ms
2025/05/21 00:46:06,0,3765,yahoo.com.,A,3765,NOERROR,qr rd ra,<nil>,292.794597ms
2025/05/21 00:46:06,0,48875,google.com.,A,48875,NOERROR,qr rd ra,<nil>,79.130213ms
2025/05/21 00:46:07,0,58665,googleusercontent.com.,A,58665,NOERROR,qr rd ra,<nil>,87.526709ms
2025/05/21 00:46:07,0,55702,facebook.com.,A,55702,NOERROR,qr rd ra,<nil>,84.979214ms
2025/05/21 00:46:07,0,35876,instagram.com.,A,35876,NOERROR,qr rd ra,<nil>,79.473463ms
2025/05/21 00:46:07,0,58403,wikipedia.org.,A,58403,NOERROR,qr rd ra,<nil>,81.620479ms
2025/05/21 00:46:07,0,33279,x.com.,A,33279,NOERROR,qr rd ra,<nil>,86.371589ms
2025/05/21 00:46:07,0,24879,amazon.com.,A,24879,NOERROR,qr rd ra,<nil>,80.277517ms
2025/05/21 00:46:07,0,2643,tiktok.com.,A,2643,NOERROR,qr rd ra,<nil>,299.67855ms
2025/05/21 00:46:10,0,60901,whatsapp.com.,A,60901,NOERROR,qr rd ra,<nil>,2.99816245s
2025/05/21 00:46:10,0,44981,yahoo.com.,A,44981,NOERROR,qr rd ra,<nil>,79.25983ms
2025/05/21 00:46:10,0,42158,google.com.,A,42158,NOERROR,qr rd ra,<nil>,79.033403ms
2025/05/21 00:46:11,0,19156,googleusercontent.com.,A,19156,NOERROR,qr rd ra,<nil>,80.2153ms
2025/05/21 00:46:11,0,46831,facebook.com.,A,46831,NOERROR,qr rd ra,<nil>,81.519175ms
2025/05/21 00:46:11,0,57876,instagram.com.,A,57876,NOERROR,qr rd ra,<nil>,83.365735ms
2025/05/21 00:46:11,0,41720,wikipedia.org.,A,41720,NOERROR,qr rd ra,<nil>,86.622772ms
2025/05/21 00:46:11,0,57322,x.com.,A,57322,NOERROR,qr rd ra,<nil>,79.980331ms
2025/05/21 00:46:11,0,40688,amazon.com.,A,40688,NOERROR,qr rd ra,<nil>,78.530018ms
2025/05/21 00:46:11,0,38841,tiktok.com.,A,38841,NOERROR,qr rd ra,<nil>,84.998691ms
2025/05/21 00:46:11,0,15258,whatsapp.com.,A,15258,NOERROR,qr rd ra,<nil>,80.106003ms
2025/05/21 00:46:11,0,55148,yahoo.com.,A,55148,NOERROR,qr rd ra,<nil>,78.600906ms
2025/05/21 00:46:11,0,12499,google.com.,A,12499,NOERROR,qr rd ra,<nil>,87.211416ms
2025/05/21 00:46:11,0,33587,googleusercontent.com.,A,33587,NOERROR,qr rd ra,<nil>,79.375208ms
2025/05/21 00:46:11,0,12990,facebook.com.,A,12990,NOERROR,qr rd ra,<nil>,84.432712ms
2025/05/21 00:46:12,0,39978,instagram.com.,A,39978,NOERROR,qr rd ra,<nil>,82.558189ms
2025/05/21 00:46:12,0,17063,wikipedia.org.,A,17063,NOERROR,qr rd ra,<nil>,80.238543ms
2025/05/21 00:46:12,0,14429,x.com.,A,14429,NOERROR,qr rd ra,<nil>,78.739967ms
2025/05/21 00:46:12,0,20718,amazon.com.,A,20718,NOERROR,qr rd ra,<nil>,78.807635ms
2025/05/21 00:46:12,0,17603,tiktok.com.,A,17603,NOERROR,qr rd ra,<nil>,80.128595ms
2025/05/21 00:46:12,0,23882,whatsapp.com.,A,23882,NOERROR,qr rd ra,<nil>,290.996787ms
2025/05/21 00:46:12,0,4857,yahoo.com.,A,4857,NOERROR,qr rd ra,<nil>,85.898645ms
2025/05/21 00:46:13,0,8743,google.com.,A,8743,NOERROR,qr rd ra,<nil>,306.79909ms
2025/05/21 00:46:13,0,45733,googleusercontent.com.,A,45733,NOERROR,qr rd ra,<nil>,116.608776ms
2025/05/21 00:46:13,0,42175,facebook.com.,A,42175,NOERROR,qr rd ra,<nil>,102.158928ms
2025/05/21 00:46:13,0,55210,instagram.com.,A,55210,NOERROR,qr rd ra,<nil>,109.612618ms
2025/05/21 00:46:13,0,13761,wikipedia.org.,A,13761,NOERROR,qr rd ra,<nil>,108.438154ms
2025/05/21 00:46:13,0,54542,x.com.,A,54542,NOERROR,qr rd ra,<nil>,105.248318ms
2025/05/21 00:46:13,0,14255,amazon.com.,A,14255,NOERROR,qr rd ra,<nil>,112.701996ms
2025/05/21 00:46:13,0,20143,tiktok.com.,A,20143,NOERROR,qr rd ra,<nil>,97.791108ms
2025/05/21 00:46:13,0,14658,whatsapp.com.,A,14658,NOERROR,qr rd ra,<nil>,95.847412ms
2025/05/21 00:46:13,0,45477,yahoo.com.,A,45477,NOERROR,qr rd ra,<nil>,88.38494ms
2025/05/21 00:46:14,0,24058,google.com.,A,24058,NOERROR,qr rd ra,<nil>,86.32433ms
2025/05/21 00:46:14,0,2459,googleusercontent.com.,A,2459,NOERROR,qr rd ra,<nil>,303.46171ms
2025/05/21 00:46:14,0,50059,facebook.com.,A,50059,NOERROR,qr rd ra,<nil>,104.767252ms
2025/05/21 00:46:14,0,53732,instagram.com.,A,53732,NOERROR,qr rd ra,<nil>,94.570527ms
2025/05/21 00:46:14,0,53905,wikipedia.org.,A,53905,NOERROR,qr rd ra,<nil>,90.093955ms
2025/05/21 00:46:14,0,23323,x.com.,A,23323,NOERROR,qr rd ra,<nil>,85.884857ms
2025/05/21 00:46:14,0,11397,amazon.com.,A,11397,NOERROR,qr rd ra,<nil>,85.304975ms
2025/05/21 00:46:14,0,22534,tiktok.com.,A,22534,NOERROR,qr rd ra,<nil>,80.965326ms
2025/05/21 00:46:15,0,36468,whatsapp.com.,A,36468,NOERROR,qr rd ra,<nil>,289.086236ms
2025/05/21 00:46:15,0,30310,yahoo.com.,A,30310,NOERROR,qr rd ra,<nil>,82.253394ms
2025/05/21 00:46:15,0,13716,google.com.,A,13716,NOERROR,qr rd ra,<nil>,78.415088ms
2025/05/21 00:46:15,0,15072,googleusercontent.com.,A,15072,NOERROR,qr rd ra,<nil>,78.74399ms
2025/05/21 00:46:15,0,36325,facebook.com.,A,36325,NOERROR,qr rd ra,<nil>,82.145704ms
2025/05/21 00:46:15,0,61199,instagram.com.,A,61199,NOERROR,qr rd ra,<nil>,80.350849ms
2025/05/21 00:46:15,0,53404,wikipedia.org.,A,53404,NOERROR,qr rd ra,<nil>,87.249298ms
2025/05/21 00:46:15,0,46545,x.com.,A,46545,NOERROR,qr rd ra,<nil>,296.145329ms
2025/05/21 00:46:16,0,28643,amazon.com.,A,28643,NOERROR,qr rd ra,<nil>,94.786222ms
2025/05/21 00:46:16,0,5737,tiktok.com.,A,5737,NOERROR,qr rd ra,<nil>,84.396555ms
2025/05/21 00:46:16,0,33853,whatsapp.com.,A,33853,NOERROR,qr rd ra,<nil>,284.299737ms
2025/05/21 00:46:16,0,52269,yahoo.com.,A,52269,NOERROR,qr rd ra,<nil>,87.928307ms
2025/05/21 00:46:17,0,15354,google.com.,A,15354,NOERROR,qr rd ra,<nil>,707.293957ms
2025/05/21 00:46:17,0,54184,googleusercontent.com.,A,54184,NOERROR,qr rd ra,<nil>,89.702138ms
2025/05/21 00:46:17,0,31086,facebook.com.,A,31086,NOERROR,qr rd ra,<nil>,79.109665ms
2025/05/21 00:46:17,0,51730,instagram.com.,A,51730,NOERROR,qr rd ra,<nil>,77.815466ms
2025/05/21 00:46:17,0,65404,wikipedia.org.,A,65404,NOERROR,qr rd ra,<nil>,290.230346ms
2025/05/21 00:46:17,0,18409,x.com.,A,18409,NOERROR,qr rd ra,<nil>,79.946083ms
2025/05/21 00:46:17,0,63789,amazon.com.,A,63789,NOERROR,qr rd ra,<nil>,79.505838ms
2025/05/21 00:46:17,0,40237,tiktok.com.,A,40237,NOERROR,qr rd ra,<nil>,82.005471ms
2025/05/21 00:46:18,0,44549,whatsapp.com.,A,44549,NOERROR,qr rd ra,<nil>,78.687079ms
2025/05/21 00:46:18,0,51157,yahoo.com.,A,51157,NOERROR,qr rd ra,<nil>,284.993342ms
2025/05/21 00:46:18,0,16219,google.com.,A,16219,NOERROR,qr rd ra,<nil>,78.703019ms
2025/05/21 00:46:18,0,35565,googleusercontent.com.,A,35565,NOERROR,qr rd ra,<nil>,79.68652ms
2025/05/21 00:46:18,0,46735,facebook.com.,A,46735,NOERROR,qr rd ra,<nil>,80.620338ms
2025/05/21 00:46:18,0,51174,instagram.com.,A,51174,NOERROR,qr rd ra,<nil>,78.585099ms
2025/05/21 00:46:18,0,22078,wikipedia.org.,A,22078,NOERROR,qr rd ra,<nil>,95.75733ms
2025/05/21 00:46:18,0,42182,x.com.,A,42182,NOERROR,qr rd ra,<nil>,89.362344ms
2025/05/21 00:46:18,0,27174,amazon.com.,A,27174,NOERROR,qr rd ra,<nil>,83.42693ms
2025/05/21 00:46:19,0,9170,tiktok.com.,A,9170,NOERROR,qr rd ra,<nil>,284.348683ms
2025/05/21 00:46:19,0,14278,whatsapp.com.,A,14278,NOERROR,qr rd ra,<nil>,508.703332ms
2025/05/21 00:46:19,0,24742,yahoo.com.,A,24742,NOERROR,qr rd ra,<nil>,88.91764ms
2025/05/21 00:46:19,0,63359,google.com.,A,63359,NOERROR,qr rd ra,<nil>,81.368957ms
2025/05/21 00:46:19,0,17029,googleusercontent.com.,A,17029,NOERROR,qr rd ra,<nil>,80.647721ms
2025/05/21 00:46:20,0,62678,facebook.com.,A,62678,NOERROR,qr rd ra,<nil>,80.559866ms
2025/05/21 00:46:20,0,4846,instagram.com.,A,4846,NOERROR,qr rd ra,<nil>,79.28053ms
2025/05/21 00:46:20,0,62081,wikipedia.org.,A,62081,NOERROR,qr rd ra,<nil>,85.331226ms
2025/05/21 00:46:20,0,18486,x.com.,A,18486,NOERROR,qr rd ra,<nil>,82.653059ms
2025/05/21 00:46:20,0,52150,amazon.com.,A,52150,NOERROR,qr rd ra,<nil>,80.164648ms
2025/05/21 00:46:20,0,51538,tiktok.com.,A,51538,NOERROR,qr rd ra,<nil>,291.812337ms
2025/05/21 00:46:20,0,47976,whatsapp.com.,A,47976,NOERROR,qr rd ra,<nil>,79.757137ms
2025/05/21 00:46:20,0,52765,yahoo.com.,A,52765,NOERROR,qr rd ra,<nil>,79.233015ms
2025/05/21 00:46:20,0,24634,google.com.,A,24634,NOERROR,qr rd ra,<nil>,79.901735ms
2025/05/21 00:46:21,0,29424,googleusercontent.com.,A,29424,NOERROR,qr rd ra,<nil>,286.955992ms
2025/05/21 00:46:22,0,62566,facebook.com.,A,62566,NOERROR,qr rd ra,<nil>,1.341885275s
2025/05/21 00:46:24,0,36589,instagram.com.,A,36589,NOERROR,qr rd ra,<nil>,1.723364743s
2025/05/21 00:46:24,0,6955,wikipedia.org.,A,6955,NOERROR,qr rd ra,<nil>,80.098264ms
2025/05/21 00:46:24,0,36592,x.com.,A,36592,NOERROR,qr rd ra,<nil>,79.244658ms
2025/05/21 00:46:24,0,57096,amazon.com.,A,57096,NOERROR,qr rd ra,<nil>,89.480538ms
2025/05/21 00:46:24,0,41732,tiktok.com.,A,41732,NOERROR,qr rd ra,<nil>,286.095653ms
2025/05/21 00:46:25,0,9632,whatsapp.com.,A,9632,NOERROR,qr rd ra,<nil>,487.840937ms
2025/05/21 00:46:25,0,56399,yahoo.com.,A,56399,NOERROR,qr rd ra,<nil>,78.655977ms
2025/05/21 00:46:25,0,60792,google.com.,A,60792,NOERROR,qr rd ra,<nil>,289.691836ms
2025/05/21 00:46:26,0,55741,googleusercontent.com.,A,55741,NOERROR,qr rd ra,<nil>,525.908864ms
2025/05/21 00:46:26,0,41383,facebook.com.,A,41383,NOERROR,qr rd ra,<nil>,110.074287ms
2025/05/21 00:46:26,0,59727,instagram.com.,A,59727,NOERROR,qr rd ra,<nil>,111.249303ms
2025/05/21 00:46:26,0,5935,wikipedia.org.,A,5935,NOERROR,qr rd ra,<nil>,91.921155ms
2025/05/21 00:46:26,0,43221,x.com.,A,43221,NOERROR,qr rd ra,<nil>,84.466225ms
2025/05/21 00:46:26,0,25396,amazon.com.,A,25396,NOERROR,qr rd ra,<nil>,87.340168ms
2025/05/21 00:46:27,0,38892,tiktok.com.,A,38892,NOERROR,qr rd ra,<nil>,712.065381ms
2025/05/21 00:46:27,0,42607,whatsapp.com.,A,42607,NOERROR,qr rd ra,<nil>,100.968379ms
2025/05/21 00:46:27,0,46498,yahoo.com.,A,46498,NOERROR,qr rd ra,<nil>,101.391575ms
2025/05/21 00:46:27,0,42475,google.com.,A,42475,NOERROR,qr rd ra,<nil>,108.087171ms
2025/05/21 00:46:27,0,33746,googleusercontent.com.,A,33746,NOERROR,qr rd ra,<nil>,94.881348ms
2025/05/21 00:46:27,0,55278,facebook.com.,A,55278,NOERROR,qr rd ra,<nil>,86.68479ms
2025/05/21 00:46:27,0,30021,instagram.com.,A,30021,NOERROR,qr rd ra,<nil>,84.558362ms
2025/05/21 00:46:28,0,29262,wikipedia.org.,A,29262,NOERROR,qr rd ra,<nil>,82.980971ms
2025/05/21 00:46:28,0,54853,x.com.,A,54853,NOERROR,qr rd ra,<nil>,91.174633ms
2025/05/21 00:46:28,0,61371,amazon.com.,A,61371,NOERROR,qr rd ra,<nil>,96.74474ms
2025/05/21 00:46:28,0,45842,tiktok.com.,A,45842,NOERROR,qr rd ra,<nil>,90.540044ms
2025/05/21 00:46:28,0,37543,whatsapp.com.,A,37543,NOERROR,qr rd ra,<nil>,318.304272ms
2025/05/21 00:46:28,0,31882,yahoo.com.,A,31882,NOERROR,qr rd ra,<nil>,109.408489ms
2025/05/21 00:46:29,0,13915,google.com.,A,13915,NOERROR,qr rd ra,<nil>,311.999936ms
2025/05/21 00:46:29,0,33905,googleusercontent.com.,A,33905,NOERROR,qr rd ra,<nil>,91.610724ms
2025/05/21 00:46:29,0,44797,facebook.com.,A,44797,NOERROR,qr rd ra,<nil>,86.720623ms
2025/05/21 00:46:29,0,23476,instagram.com.,A,23476,NOERROR,qr rd ra,<nil>,80.373972ms
2025/05/21 00:46:29,0,8077,wikipedia.org.,A,8077,NOERROR,qr rd ra,<nil>,82.467911ms
2025/05/21 00:46:29,0,32945,x.com.,A,32945,NOERROR,qr rd ra,<nil>,79.890018ms
2025/05/21 00:46:29,0,1942,amazon.com.,A,1942,NOERROR,qr rd ra,<nil>,85.519688ms
2025/05/21 00:46:29,0,14493,tiktok.com.,A,14493,NOERROR,qr rd ra,<nil>,92.752526ms
2025/05/21 00:46:29,0,15206,whatsapp.com.,A,15206,NOERROR,qr rd ra,<nil>,84.956463ms
2025/05/21 00:46:29,0,2167,yahoo.com.,A,2167,NOERROR,qr rd ra,<nil>,83.734412ms
2025/05/21 00:46:29,0,49477,google.com.,A,49477,NOERROR,qr rd ra,<nil>,80.21937ms
2025/05/21 00:46:30,0,24620,googleusercontent.com.,A,24620,NOERROR,qr rd ra,<nil>,85.252221ms
2025/05/21 00:46:30,0,7016,facebook.com.,A,7016,NOERROR,qr rd ra,<nil>,82.16361ms
2025/05/21 00:46:30,0,12480,instagram.com.,A,12480,NOERROR,qr rd ra,<nil>,84.05331ms
2025/05/21 00:46:30,0,31529,wikipedia.org.,A,31529,NOERROR,qr rd ra,<nil>,82.240128ms
2025/05/21 00:46:30,0,24160,x.com.,A,24160,NOERROR,qr rd ra,<nil>,101.10734ms
2025/05/21 00:46:30,0,6937,amazon.com.,A,6937,NOERROR,qr rd ra,<nil>,292.558386ms
2025/05/21 00:46:30,0,34687,tiktok.com.,A,34687,NOERROR,qr rd ra,<nil>,79.318589ms
2025/05/21 00:46:30,0,15181,whatsapp.com.,A,15181,NOERROR,qr rd ra,<nil>,78.359459ms
2025/05/21 00:46:30,0,23890,yahoo.com.,A,23890,NOERROR,qr rd ra,<nil>,82.584519ms
2025/05/21 00:46:30,0,643,google.com.,A,643,NOERROR,qr rd ra,<nil>,80.38884ms
2025/05/21 00:46:31,0,3532,googleusercontent.com.,A,3532,NOERROR,qr rd ra,<nil>,83.673928ms
2025/05/21 00:46:31,0,12402,facebook.com.,A,12402,NOERROR,qr rd ra,<nil>,300.946433ms
2025/05/21 00:46:31,0,25673,instagram.com.,A,25673,NOERROR,qr rd ra,<nil>,100.643189ms
2025/05/21 00:46:31,0,50212,wikipedia.org.,A,50212,NOERROR,qr rd ra,<nil>,93.930062ms
2025/05/21 00:46:31,0,30809,x.com.,A,30809,NOERROR,qr rd ra,<nil>,315.529553ms
2025/05/21 00:46:31,0,5458,amazon.com.,A,5458,NOERROR,qr rd ra,<nil>,79.619187ms
2025/05/21 00:46:32,0,32885,tiktok.com.,A,32885,NOERROR,qr rd ra,<nil>,84.460058ms
2025/05/21 00:46:32,0,48966,whatsapp.com.,A,48966,NOERROR,qr rd ra,<nil>,295.832371ms
2025/05/21 00:46:32,0,31316,yahoo.com.,A,31316,NOERROR,qr rd ra,<nil>,100.219311ms
2025/05/21 00:46:32,0,52211,google.com.,A,52211,NOERROR,qr rd ra,<nil>,93.183624ms
2025/05/21 00:46:32,0,8940,googleusercontent.com.,A,8940,NOERROR,qr rd ra,<nil>,317.151357ms
2025/05/21 00:46:32,0,43794,facebook.com.,A,43794,NOERROR,qr rd ra,<nil>,97.98159ms
2025/05/21 00:46:33,0,8000,instagram.com.,A,8000,NOERROR,qr rd ra,<nil>,290.754988ms
2025/05/21 00:46:33,0,49926,wikipedia.org.,A,49926,NOERROR,qr rd ra,<nil>,90.043276ms
2025/05/21 00:46:33,0,51428,x.com.,A,51428,NOERROR,qr rd ra,<nil>,84.257221ms
2025/05/21 00:46:33,0,14509,amazon.com.,A,14509,NOERROR,qr rd ra,<nil>,84.563138ms
2025/05/21 00:46:33,0,4840,tiktok.com.,A,4840,NOERROR,qr rd ra,<nil>,82.684692ms
2025/05/21 00:46:33,0,20346,whatsapp.com.,A,20346,NOERROR,qr rd ra,<nil>,89.13322ms
2025/05/21 00:46:33,0,36347,yahoo.com.,A,36347,NOERROR,qr rd ra,<nil>,80.018998ms
2025/05/21 00:46:34,0,34738,google.com.,A,34738,NOERROR,qr rd ra,<nil>,320.635962ms
2025/05/21 00:46:34,0,48333,googleusercontent.com.,A,48333,NOERROR,qr rd ra,<nil>,106.66348ms
2025/05/21 00:46:34,0,46197,facebook.com.,A,46197,NOERROR,qr rd ra,<nil>,106.929253ms
2025/05/21 00:46:34,0,12900,instagram.com.,A,12900,NOERROR,qr rd ra,<nil>,107.592334ms
2025/05/21 00:46:34,0,9709,wikipedia.org.,A,9709,NOERROR,qr rd ra,<nil>,316.658448ms
2025/05/21 00:46:34,0,5835,x.com.,A,5835,NOERROR,qr rd ra,<nil>,98.944046ms
2025/05/21 00:46:34,0,8976,amazon.com.,A,8976,NOERROR,qr rd ra,<nil>,87.180699ms
2025/05/21 00:46:34,0,62994,tiktok.com.,A,62994,NOERROR,qr rd ra,<nil>,85.588504ms
2025/05/21 00:46:35,0,28856,whatsapp.com.,A,28856,NOERROR,qr rd ra,<nil>,79.385399ms
2025/05/21 00:46:35,0,61523,yahoo.com.,A,61523,NOERROR,qr rd ra,<nil>,87.981853ms
2025/05/21 00:46:35,0,54963,google.com.,A,54963,NOERROR,qr rd ra,<nil>,90.826797ms
2025/05/21 00:46:35,0,54106,googleusercontent.com.,A,54106,NOERROR,qr rd ra,<nil>,94.827418ms
2025/05/21 00:46:35,0,22773,facebook.com.,A,22773,NOERROR,qr rd ra,<nil>,92.299392ms
2025/05/21 00:46:35,0,45755,instagram.com.,A,45755,NOERROR,qr rd ra,<nil>,290.951962ms
2025/05/21 00:46:35,0,52179,wikipedia.org.,A,52179,NOERROR,qr rd ra,<nil>,79.00898ms
2025/05/21 00:46:35,0,13897,x.com.,A,13897,NOERROR,qr rd ra,<nil>,81.161295ms
2025/05/21 00:46:36,0,32724,amazon.com.,A,32724,NOERROR,qr rd ra,<nil>,286.038047ms
2025/05/21 00:46:41,0,58594,whatsapp.com.,A,58594,NOERROR,qr rd ra,<nil>,465.788025ms
2025/05/21 00:46:41,0,60539,yahoo.com.,A,60539,NOERROR,qr rd ra,<nil>,85.052476ms
2025/05/21 00:46:41,0,61224,google.com.,A,61224,NOERROR,qr rd ra,<nil>,105.682263ms
2025/05/21 00:46:41,0,5064,googleusercontent.com.,A,5064,NOERROR,qr rd ra,<nil>,84.393314ms
2025/05/21 00:46:41,0,49080,facebook.com.,A,49080,NOERROR,qr rd ra,<nil>,86.092359ms
2025/05/21 00:46:42,0,10067,instagram.com.,A,10067,NOERROR,qr rd ra,<nil>,96.42087ms
2025/05/21 00:46:42,0,16354,wikipedia.org.,A,16354,NOERROR,qr rd ra,<nil>,321.667004ms
2025/05/21 00:46:42,0,12998,x.com.,A,12998,NOERROR,qr rd ra,<nil>,83.368666ms
2025/05/21 00:46:42,0,14219,amazon.com.,A,14219,NOERROR,qr rd ra,<nil>,87.04138ms
2025/05/21 00:46:42,0,47900,tiktok.com.,A,47900,NOERROR,qr rd ra,<nil>,325.044935ms
2025/05/21 00:46:42,0,52655,whatsapp.com.,A,52655,NOERROR,qr rd ra,<nil>,92.390804ms
2025/05/21 00:46:43,0,1224,yahoo.com.,A,1224,NOERROR,qr rd ra,<nil>,319.355486ms
2025/05/21 00:46:43,0,27516,google.com.,A,27516,NOERROR,qr rd ra,<nil>,91.487783ms
2025/05/21 00:46:45,0,59867,googleusercontent.com.,A,59867,NOERROR,qr rd ra,<nil>,1.647263251s
2025/05/21 00:46:45,0,18112,facebook.com.,A,18112,NOERROR,qr rd ra,<nil>,84.246275ms
2025/05/21 00:46:45,0,28778,instagram.com.,A,28778,NOERROR,qr rd ra,<nil>,309.523525ms
2025/05/21 00:46:45,0,9643,wikipedia.org.,A,9643,NOERROR,qr rd ra,<nil>,534.737252ms
2025/05/21 00:46:46,0,49346,x.com.,A,49346,NOERROR,qr rd ra,<nil>,84.432415ms
2025/05/21 00:46:46,0,7696,amazon.com.,A,7696,NOERROR,qr rd ra,<nil>,84.824825ms
2025/05/21 00:46:46,0,56479,tiktok.com.,A,56479,NOERROR,qr rd ra,<nil>,99.750038ms
2025/05/21 00:46:46,0,30387,whatsapp.com.,A,30387,NOERROR,qr rd ra,<nil>,90.782706ms
2025/05/21 00:46:46,0,29490,yahoo.com.,A,29490,NOERROR,qr rd ra,<nil>,297.855791ms
2025/05/21 00:46:46,0,40241,google.com.,A,40241,NOERROR,qr rd ra,<nil>,91.698252ms
2025/05/21 00:46:46,0,3552,googleusercontent.com.,A,3552,NOERROR,qr rd ra,<nil>,84.904851ms
2025/05/21 00:46:46,0,49429,facebook.com.,A,49429,NOERROR,qr rd ra,<nil>,85.130773ms
2025/05/21 00:46:46,0,3143,instagram.com.,A,3143,NOERROR,qr rd ra,<nil>,87.708345ms
2025/05/21 00:46:47,0,19676,wikipedia.org.,A,19676,NOERROR,qr rd ra,<nil>,85.733808ms
2025/05/21 00:46:47,0,39280,x.com.,A,39280,NOERROR,qr rd ra,<nil>,84.427281ms
2025/05/21 00:46:47,0,13945,amazon.com.,A,13945,NOERROR,qr rd ra,<nil>,94.187371ms
2025/05/21 00:46:47,0,3246,tiktok.com.,A,3246,NOERROR,qr rd ra,<nil>,98.648557ms
2025/05/21 00:46:47,0,42266,whatsapp.com.,A,42266,NOERROR,qr rd ra,<nil>,90.664325ms
2025/05/21 00:46:47,0,20952,yahoo.com.,A,20952,NOERROR,qr rd ra,<nil>,289.210652ms
2025/05/21 00:46:48,0,47430,google.com.,A,47430,NOERROR,qr rd ra,<nil>,520.978993ms
2025/05/21 00:46:49,0,20045,googleusercontent.com.,A,20045,NOERROR,qr rd ra,<nil>,925.982803ms
2025/05/21 00:46:49,0,39239,facebook.com.,A,39239,NOERROR,qr rd ra,<nil>,89.678847ms
2025/05/21 00:46:49,0,43865,instagram.com.,A,43865,NOERROR,qr rd ra,<nil>,83.228022ms
2025/05/21 00:46:49,0,49319,wikipedia.org.,A,49319,NOERROR,qr rd ra,<nil>,295.641418ms
2025/05/21 00:46:49,0,8697,x.com.,A,8697,NOERROR,qr rd ra,<nil>,83.647086ms
2025/05/21 00:46:49,0,8042,amazon.com.,A,8042,NOERROR,qr rd ra,<nil>,85.824793ms
2025/05/21 00:46:50,0,57819,tiktok.com.,A,57819,NOERROR,qr rd ra,<nil>,294.828377ms
2025/05/21 00:46:50,0,41124,whatsapp.com.,A,41124,NOERROR,qr rd ra,<nil>,506.164679ms
2025/05/21 00:46:50,0,33492,yahoo.com.,A,33492,NOERROR,qr rd ra,<nil>,84.679831ms
2025/05/21 00:46:50,0,35839,google.com.,A,35839,NOERROR,qr rd ra,<nil>,83.809387ms
2025/05/21 00:46:50,0,48772,googleusercontent.com.,A,48772,NOERROR,qr rd ra,<nil>,84.882426ms
2025/05/21 00:46:50,0,51558,facebook.com.,A,51558,NOERROR,qr rd ra,<nil>,84.50461ms
2025/05/21 00:46:51,0,29695,instagram.com.,A,29695,NOERROR,qr rd ra,<nil>,83.490903ms
2025/05/21 00:46:51,0,58652,wikipedia.org.,A,58652,NOERROR,qr rd ra,<nil>,83.995276ms
2025/05/21 00:46:51,0,7699,x.com.,A,7699,NOERROR,qr rd ra,<nil>,83.717502ms
2025/05/21 00:46:51,0,40338,amazon.com.,A,40338,NOERROR,qr rd ra,<nil>,722.615041ms
2025/05/21 00:46:52,0,24507,tiktok.com.,A,24507,NOERROR,qr rd ra,<nil>,84.142096ms
2025/05/21 00:46:52,0,8402,whatsapp.com.,A,8402,NOERROR,qr rd ra,<nil>,290.90409ms
2025/05/21 00:46:52,0,15757,yahoo.com.,A,15757,NOERROR,qr rd ra,<nil>,84.079579ms
2025/05/21 00:46:52,0,38176,google.com.,A,38176,NOERROR,qr rd ra,<nil>,91.994207ms
2025/05/21 00:46:52,0,20546,googleusercontent.com.,A,20546,NOERROR,qr rd ra,<nil>,84.807214ms
2025/05/21 00:46:52,0,51397,facebook.com.,A,51397,NOERROR,qr rd ra,<nil>,85.699321ms
2025/05/21 00:46:52,0,25687,instagram.com.,A,25687,NOERROR,qr rd ra,<nil>,85.54138ms
2025/05/21 00:46:52,0,58897,wikipedia.org.,A,58897,NOERROR,qr rd ra,<nil>,91.184909ms
2025/05/21 00:46:52,0,17252,x.com.,A,17252,NOERROR,qr rd ra,<nil>,86.928937ms
2025/05/21 00:46:53,0,35845,amazon.com.,A,35845,NOERROR,qr rd ra,<nil>,83.835897ms
2025/05/21 00:46:53,0,24366,tiktok.com.,A,24366,NOERROR,qr rd ra,<nil>,289.029795ms
2025/05/21 00:46:53,0,43932,whatsapp.com.,A,43932,NOERROR,qr rd ra,<nil>,507.943636ms
2025/05/21 00:46:53,0,40184,yahoo.com.,A,40184,NOERROR,qr rd ra,<nil>,92.804794ms
2025/05/21 00:46:53,0,16352,google.com.,A,16352,NOERROR,qr rd ra,<nil>,85.647039ms
2025/05/21 00:46:54,0,48630,googleusercontent.com.,A,48630,NOERROR,qr rd ra,<nil>,84.014443ms
2025/05/21 00:46:54,0,21168,facebook.com.,A,21168,NOERROR,qr rd ra,<nil>,289.181754ms
2025/05/21 00:46:54,0,2451,instagram.com.,A,2451,NOERROR,qr rd ra,<nil>,84.021288ms
2025/05/21 00:46:54,0,10417,wikipedia.org.,A,10417,NOERROR,qr rd ra,<nil>,84.698151ms
2025/05/21 00:46:54,0,45053,x.com.,A,45053,NOERROR,qr rd ra,<nil>,84.887438ms
2025/05/21 00:46:54,0,33748,amazon.com.,A,33748,NOERROR,qr rd ra,<nil>,85.026208ms
2025/05/21 00:46:54,0,64379,tiktok.com.,A,64379,NOERROR,qr rd ra,<nil>,84.857326ms
2025/05/21 00:46:54,0,21276,whatsapp.com.,A,21276,NOERROR,qr rd ra,<nil>,85.458669ms
2025/05/21 00:46:55,0,64038,yahoo.com.,A,64038,NOERROR,qr rd ra,<nil>,292.965903ms
2025/05/21 00:46:55,0,48031,google.com.,A,48031,NOERROR,qr rd ra,<nil>,84.958716ms
2025/05/21 00:46:55,0,50505,googleusercontent.com.,A,50505,NOERROR,qr rd ra,<nil>,297.274427ms
2025/05/21 00:46:55,0,54776,facebook.com.,A,54776,NOERROR,qr rd ra,<nil>,87.123657ms
2025/05/21 00:46:55,0,11499,instagram.com.,A,11499,NOERROR,qr rd ra,<nil>,85.76402ms
2025/05/21 00:46:55,0,45859,wikipedia.org.,A,45859,NOERROR,qr rd ra,<nil>,84.847219ms
2025/05/21 00:46:55,0,15419,x.com.,A,15419,NOERROR,qr rd ra,<nil>,84.556191ms
2025/05/21 00:46:55,0,54005,amazon.com.,A,54005,NOERROR,qr rd ra,<nil>,84.807949ms
2025/05/21 00:46:56,0,30238,tiktok.com.,A,30238,NOERROR,qr rd ra,<nil>,84.160379ms
2025/05/21 00:46:56,0,53437,whatsapp.com.,A,53437,NOERROR,qr rd ra,<nil>,83.854951ms
2025/05/21 00:46:56,0,38721,yahoo.com.,A,38721,NOERROR,qr rd ra,<nil>,293.517142ms
2025/05/21 00:46:56,0,20727,google.com.,A,20727,NOERROR,qr rd ra,<nil>,497.905376ms
2025/05/21 00:46:57,0,48976,googleusercontent.com.,A,48976,NOERROR,qr rd ra,<nil>,84.050847ms
2025/05/21 00:46:57,0,21642,facebook.com.,A,21642,NOERROR,qr rd ra,<nil>,88.429715ms
2025/05/21 00:46:57,0,46232,instagram.com.,A,46232,NOERROR,qr rd ra,<nil>,130.832357ms
2025/05/21 00:46:57,0,30143,wikipedia.org.,A,30143,NOERROR,qr rd ra,<nil>,99.315748ms
2025/05/21 00:46:57,0,20026,x.com.,A,20026,NOERROR,qr rd ra,<nil>,89.734291ms
2025/05/21 00:46:57,0,59466,amazon.com.,A,59466,NOERROR,qr rd ra,<nil>,116.459002ms
2025/05/21 00:46:57,0,58989,tiktok.com.,A,58989,NOERROR,qr rd ra,<nil>,382.849749ms
2025/05/21 00:46:58,0,43448,whatsapp.com.,A,43448,NOERROR,qr rd ra,<nil>,614.502892ms
2025/05/21 00:46:58,0,272,yahoo.com.,A,272,NOERROR,qr rd ra,<nil>,110.160776ms
2025/05/21 00:46:59,0,57153,google.com.,A,57153,NOERROR,qr rd ra,<nil>,431.922755ms
2025/05/21 00:46:59,0,62887,googleusercontent.com.,A,62887,NOERROR,qr rd ra,<nil>,84.537805ms
2025/05/21 00:46:59,0,56169,facebook.com.,A,56169,NOERROR,qr rd ra,<nil>,300.905201ms
2025/05/21 00:46:59,0,23041,instagram.com.,A,23041,NOERROR,qr rd ra,<nil>,83.630294ms
2025/05/21 00:46:59,0,58931,wikipedia.org.,A,58931,NOERROR,qr rd ra,<nil>,141.979098ms
2025/05/21 00:46:59,0,45732,x.com.,A,45732,NOERROR,qr rd ra,<nil>,84.87105ms
2025/05/21 00:46:59,0,37862,amazon.com.,A,37862,NOERROR,qr rd ra,<nil>,83.66723ms
2025/05/21 00:46:59,0,53863,tiktok.com.,A,53863,NOERROR,qr rd ra,<nil>,138.651608ms
2025/05/21 00:47:00,0,58871,whatsapp.com.,A,58871,NOERROR,qr rd ra,<nil>,153.550736ms
2025/05/21 00:47:00,0,26630,yahoo.com.,A,26630,NOERROR,qr rd ra,<nil>,88.987552ms
2025/05/21 00:47:00,0,43308,google.com.,A,43308,NOERROR,qr rd ra,<nil>,85.695615ms
2025/05/21 00:47:00,0,54572,googleusercontent.com.,A,54572,NOERROR,qr rd ra,<nil>,84.355656ms
2025/05/21 00:47:00,0,38582,facebook.com.,A,38582,NOERROR,qr rd ra,<nil>,87.683694ms
2025/05/21 00:47:03,0,8662,instagram.com.,A,8662,NOERROR,qr rd ra,<nil>,3.216991693s
2025/05/21 00:47:12,0,13412,x.com.,A,13412,NOERROR,qr rd ra,<nil>,3.568955922s
2025/05/21 00:47:12,0,47077,amazon.com.,A,47077,NOERROR,qr rd ra,<nil>,107.977576ms
2025/05/21 00:47:12,0,13897,tiktok.com.,A,13897,NOERROR,qr rd ra,<nil>,296.460383ms
2025/05/21 00:47:12,0,63473,whatsapp.com.,A,63473,NOERROR,qr rd ra,<nil>,98.468585ms
2025/05/21 00:47:12,0,3616,yahoo.com.,A,3616,NOERROR,qr rd ra,<nil>,102.567821ms
2025/05/21 00:47:12,0,50816,google.com.,A,50816,NOERROR,qr rd ra,<nil>,106.097217ms
2025/05/21 00:47:13,0,24519,googleusercontent.com.,A,24519,NOERROR,qr rd ra,<nil>,88.310391ms
2025/05/21 00:47:13,0,53411,facebook.com.,A,53411,NOERROR,qr rd ra,<nil>,96.700394ms
2025/05/21 00:47:13,0,31024,instagram.com.,A,31024,NOERROR,qr rd ra,<nil>,86.803272ms
2025/05/21 00:47:13,0,25295,wikipedia.org.,A,25295,NOERROR,qr rd ra,<nil>,92.834406ms
2025/05/21 00:47:13,0,44700,x.com.,A,44700,NOERROR,qr rd ra,<nil>,94.437073ms
2025/05/21 00:47:13,0,43415,amazon.com.,A,43415,NOERROR,qr rd ra,<nil>,290.54611ms
2025/05/21 00:47:14,0,6819,tiktok.com.,A,6819,NOERROR,qr rd ra,<nil>,523.862477ms
2025/05/21 00:47:15,0,7954,whatsapp.com.,A,7954,NOERROR,qr rd ra,<nil>,934.443632ms
2025/05/21 00:47:15,0,35683,yahoo.com.,A,35683,NOERROR,qr rd ra,<nil>,92.895727ms
2025/05/21 00:47:15,0,44950,google.com.,A,44950,NOERROR,qr rd ra,<nil>,94.88005ms
2025/05/21 00:47:15,0,50009,googleusercontent.com.,A,50009,NOERROR,qr rd ra,<nil>,105.580501ms
2025/05/21 00:47:15,0,55800,facebook.com.,A,55800,NOERROR,qr rd ra,<nil>,250.933703ms
2025/05/21 00:47:15,0,40757,instagram.com.,A,40757,NOERROR,qr rd ra,<nil>,89.897249ms
2025/05/21 00:47:15,0,2005,wikipedia.org.,A,2005,NOERROR,qr rd ra,<nil>,89.096927ms
2025/05/21 00:47:16,0,25142,x.com.,A,25142,NOERROR,qr rd ra,<nil>,725.76552ms
2025/05/21 00:47:16,0,31754,amazon.com.,A,31754,NOERROR,qr rd ra,<nil>,94.292578ms
2025/05/21 00:47:16,0,17603,tiktok.com.,A,17603,NOERROR,qr rd ra,<nil>,96.259703ms
2025/05/21 00:47:16,0,23176,whatsapp.com.,A,23176,NOERROR,qr rd ra,<nil>,88.469148ms
2025/05/21 00:47:17,0,32174,yahoo.com.,A,32174,NOERROR,qr rd ra,<nil>,95.172331ms
2025/05/21 00:47:17,0,41237,google.com.,A,41237,NOERROR,qr rd ra,<nil>,299.394951ms
2025/05/21 00:47:17,0,17180,googleusercontent.com.,A,17180,NOERROR,qr rd ra,<nil>,86.569834ms
2025/05/21 00:47:17,0,53812,facebook.com.,A,53812,NOERROR,qr rd ra,<nil>,294.516841ms
2025/05/21 00:47:17,0,61916,instagram.com.,A,61916,NOERROR,qr rd ra,<nil>,85.853643ms
2025/05/21 00:47:17,0,40174,wikipedia.org.,A,40174,NOERROR,qr rd ra,<nil>,88.835757ms
2025/05/21 00:47:17,0,30711,x.com.,A,30711,NOERROR,qr rd ra,<nil>,88.024918ms
2025/05/21 00:47:18,0,54401,amazon.com.,A,54401,NOERROR,qr rd ra,<nil>,86.800984ms
2025/05/21 00:47:18,0,11180,tiktok.com.,A,11180,NOERROR,qr rd ra,<nil>,88.556557ms
2025/05/21 00:47:18,0,18972,whatsapp.com.,A,18972,NOERROR,qr rd ra,<nil>,99.866988ms
2025/05/21 00:47:18,0,60094,yahoo.com.,A,60094,NOERROR,qr rd ra,<nil>,105.380105ms
2025/05/21 00:47:18,0,14440,google.com.,A,14440,NOERROR,qr rd ra,<nil>,91.194037ms
2025/05/21 00:47:18,0,51808,googleusercontent.com.,A,51808,NOERROR,qr rd ra,<nil>,94.893473ms
2025/05/21 00:47:18,0,3402,facebook.com.,A,3402,NOERROR,qr rd ra,<nil>,94.624246ms
2025/05/21 00:47:18,0,38815,instagram.com.,A,38815,NOERROR,qr rd ra,<nil>,108.213556ms
2025/05/21 00:47:19,0,41975,wikipedia.org.,A,41975,NOERROR,qr rd ra,<nil>,299.826971ms
2025/05/21 00:47:19,0,43375,x.com.,A,43375,NOERROR,qr rd ra,<nil>,93.796251ms
2025/05/21 00:47:19,0,21913,amazon.com.,A,21913,NOERROR,qr rd ra,<nil>,100.986035ms
2025/05/21 00:47:19,0,15538,tiktok.com.,A,15538,NOERROR,qr rd ra,<nil>,102.814254ms
2025/05/21 00:47:19,0,60583,whatsapp.com.,A,60583,NOERROR,qr rd ra,<nil>,111.360927ms
2025/05/21 00:47:19,0,65050,yahoo.com.,A,65050,NOERROR,qr rd ra,<nil>,108.182844ms
2025/05/21 00:47:19,0,50143,google.com.,A,50143,NOERROR,qr rd ra,<nil>,101.563863ms
2025/05/21 00:47:19,0,59533,googleusercontent.com.,A,59533,NOERROR,qr rd ra,<nil>,103.572639ms
2025/05/21 00:47:19,0,4944,facebook.com.,A,4944,NOERROR,qr rd ra,<nil>,95.61445ms
2025/05/21 00:47:19,0,57850,instagram.com.,A,57850,NOERROR,qr rd ra,<nil>,99.746997ms
2025/05/21 00:47:20,0,4307,wikipedia.org.,A,4307,NOERROR,qr rd ra,<nil>,86.409102ms
2025/05/21 00:47:20,0,2966,x.com.,A,2966,NOERROR,qr rd ra,<nil>,95.123139ms
2025/05/21 00:47:20,0,20342,amazon.com.,A,20342,NOERROR,qr rd ra,<nil>,86.426854ms
2025/05/21 00:47:20,0,63622,tiktok.com.,A,63622,NOERROR,qr rd ra,<nil>,92.252885ms
2025/05/21 00:47:20,0,58097,whatsapp.com.,A,58097,NOERROR,qr rd ra,<nil>,97.946132ms
2025/05/21 00:47:20,0,47223,yahoo.com.,A,47223,NOERROR,qr rd ra,<nil>,88.726154ms
2025/05/21 00:47:20,0,5819,google.com.,A,5819,NOERROR,qr rd ra,<nil>,97.702735ms
2025/05/21 00:47:20,0,12763,googleusercontent.com.,A,12763,NOERROR,qr rd ra,<nil>,89.163243ms
2025/05/21 00:47:20,0,56577,facebook.com.,A,56577,NOERROR,qr rd ra,<nil>,94.457453ms
2025/05/21 00:47:20,0,9712,instagram.com.,A,9712,NOERROR,qr rd ra,<nil>,86.183721ms
2025/05/21 00:47:20,0,27554,wikipedia.org.,A,27554,NOERROR,qr rd ra,<nil>,85.795276ms
2025/05/21 00:47:21,0,35293,x.com.,A,35293,NOERROR,qr rd ra,<nil>,85.397684ms
2025/05/21 00:47:21,0,41036,amazon.com.,A,41036,NOERROR,qr rd ra,<nil>,86.096419ms
2025/05/21 00:47:21,0,50520,tiktok.com.,A,50520,NOERROR,qr rd ra,<nil>,93.951111ms
2025/05/21 00:47:21,0,63950,whatsapp.com.,A,63950,NOERROR,qr rd ra,<nil>,90.610835ms
2025/05/21 00:47:21,0,56587,yahoo.com.,A,56587,NOERROR,qr rd ra,<nil>,87.133737ms
2025/05/21 00:47:21,0,22602,google.com.,A,22602,NOERROR,qr rd ra,<nil>,86.928726ms
2025/05/21 00:47:21,0,62600,googleusercontent.com.,A,62600,NOERROR,qr rd ra,<nil>,86.842163ms
2025/05/21 00:47:21,0,53648,facebook.com.,A,53648,NOERROR,qr rd ra,<nil>,88.479351ms
2025/05/21 00:47:21,0,48609,instagram.com.,A,48609,NOERROR,qr rd ra,<nil>,91.360039ms
2025/05/21 00:47:22,0,22855,wikipedia.org.,A,22855,NOERROR,qr rd ra,<nil>,294.658501ms
2025/05/21 00:47:22,0,53083,x.com.,A,53083,NOERROR,qr rd ra,<nil>,85.734732ms
2025/05/21 00:47:22,0,50974,amazon.com.,A,50974,NOERROR,qr rd ra,<nil>,86.433712ms
2025/05/21 00:47:22,0,48158,tiktok.com.,A,48158,NOERROR,qr rd ra,<nil>,89.248949ms
2025/05/21 00:47:22,0,64352,whatsapp.com.,A,64352,NOERROR,qr rd ra,<nil>,89.32559ms
2025/05/21 00:47:22,0,24418,yahoo.com.,A,24418,NOERROR,qr rd ra,<nil>,92.909668ms
2025/05/21 00:47:22,0,30302,google.com.,A,30302,NOERROR,qr rd ra,<nil>,88.243606ms
2025/05/21 00:47:22,0,31453,googleusercontent.com.,A,31453,NOERROR,qr rd ra,<nil>,88.23791ms
2025/05/21 00:47:22,0,25284,facebook.com.,A,25284,NOERROR,qr rd ra,<nil>,98.258558ms
2025/05/21 00:47:22,0,3650,instagram.com.,A,3650,NOERROR,qr rd ra,<nil>,88.871639ms
2025/05/21 00:47:23,0,44003,wikipedia.org.,A,44003,NOERROR,qr rd ra,<nil>,294.774482ms
2025/05/21 00:47:23,0,14495,x.com.,A,14495,NOERROR,qr rd ra,<nil>,92.040838ms
2025/05/21 00:47:24,0,64445,amazon.com.,A,64445,NOERROR,qr rd ra,<nil>,1.544328135s
2025/05/21 00:47:24,0,10212,tiktok.com.,A,10212,NOERROR,qr rd ra,<nil>,87.48722ms
2025/05/21 00:47:24,0,18776,whatsapp.com.,A,18776,NOERROR,qr rd ra,<nil>,91.561385ms
2025/05/21 00:47:25,0,15627,yahoo.com.,A,15627,NOERROR,qr rd ra,<nil>,87.220505ms
2025/05/21 00:47:25,0,26936,google.com.,A,26936,NOERROR,qr rd ra,<nil>,293.359101ms
2025/05/21 00:47:25,0,51409,googleusercontent.com.,A,51409,NOERROR,qr rd ra,<nil>,503.602255ms
2025/05/21 00:47:26,0,10271,facebook.com.,A,10271,NOERROR,qr rd ra,<nil>,920.578693ms
2025/05/21 00:47:26,0,62294,instagram.com.,A,62294,NOERROR,qr rd ra,<nil>,92.900479ms
2025/05/21 00:47:26,0,64115,wikipedia.org.,A,64115,NOERROR,qr rd ra,<nil>,85.785872ms
2025/05/21 00:47:27,0,43115,x.com.,A,43115,NOERROR,qr rd ra,<nil>,86.958604ms
2025/05/21 00:47:27,0,8071,amazon.com.,A,8071,NOERROR,qr rd ra,<nil>,87.128957ms
2025/05/21 00:47:27,0,53737,tiktok.com.,A,53737,NOERROR,qr rd ra,<nil>,88.896588ms
2025/05/21 00:47:27,0,25342,whatsapp.com.,A,25342,NOERROR,qr rd ra,<nil>,301.272682ms
2025/05/21 00:47:27,0,28988,yahoo.com.,A,28988,NOERROR,qr rd ra,<nil>,94.63307ms
2025/05/21 00:47:27,0,61427,google.com.,A,61427,NOERROR,qr rd ra,<nil>,100.919391ms
